{"大直橋":[25.076458,121.544454,4.5],"南湖大橋":[25.063235,121.612021,3.5],"成美橋":[25.053669,121.583295,3.25],"中山橋":[25.073887,121.525114,5],"百齡橋":[25.088435,121.513726,6.5],"民權大橋":[25.063467,121.569516,5.25],"華江大橋":[25.034898,121.483509,4.5],"萬壽橋":[24.992053,121.572045,1.5],"寶橋":[24.979266,121.553268,2.25],"重陽大橋":[25.084174,121.502797,7.25],"三峽大橋":[24.934632,121.374865,2],"三峽河抽水站(取代醒心橋)":[24.895639,121.373777,1],"江北橋":[25.068573,121.65564,1.5],"介壽橋":[25.106404,121.8054,5],"侯硐車站":[25.088154,121.82867,1],"貂嶺車站":[25.065941,121.822818,1],"浮洲橋":[24.995073,121.436246,6.75],"新海大橋":[25.032866,121.45462,7.75],"柑園大橋(取代後村圳取水口)":[24.962485,121.381689,3.25],"三鶯大橋":[24.944761,121.353223,1],"板新取水口":[24.930705,121.341425,1],"華中大橋":[25.010213,121.49627,3.25],"秀朗橋":[24.988715,121.528573,1],"碧潭吊橋(取代碧潭大橋)":[24.960924,121.535815,1],"青潭堰":[24.941441,121.545214,1],"廣興橋(取代屈尺堰)":[24.912331,121.547495,1],"直潭堰取水口":[24.92541,121.533135,1],"中正橋":[25.021307,121.514233,3.25],"昇高大橋(取代深坑中正橋)":[25.000603,121.612852,1],"楓林橋":[25.010777,121.64198,1],"忠孝大橋":[25.051144,121.500209,7.25],"關渡大橋":[25.124817,121.457237,4.75],"淡水河口":[25.170901,121.422745,4.5],"上磺溪橋":[25.179209,121.582273,1],"四十號橋":[25.22733,121.63076,1],"磺溪橋":[25.226958,121.630473,1],"貢寮大橋":[25.02071,121.909529,1],"新寮大橋":[25.031797,121.834769,1],"后豐大橋":[24.282686,120.722805,1],"松鶴橋(原為長青橋)":[24.179366,120.980315,1],"迎賓橋":[24.347773,121.308152,1],"高速公路橋":[24.283931,120.694707,1],"大甲溪橋":[24.323642,120.608807,4.5],"東勢大橋(原名東豐大橋)":[24.261054,120.821412,1],"龍安橋":[24.171936,120.837918,1],"朴子口":[24.2772917,120.7658657,1],"國光橋":[24.117481,120.679557,3.25],"逢甲橋":[24.178476,120.737772,1],"倡和橋":[24.169647,120.705355,1.5],"東海橋":[24.177102,120.627936,2],"大度橋(原為大肚橋)":[24.10593,120.582137,4.75],"大里橋":[24.093878,120.689086,5.75],"樹王橋":[24.110045,120.665663,5],"溪南橋":[24.092068,120.643371,4],"集泉橋":[24.106336,120.614994,1],"南萣橋":[22.918726,120.184586,5],"永寧橋":[22.925192,120.194357,6.25],"五空橋":[22.927526,120.221613,7.75],"二層行橋":[22.915857,120.225796,5],"嘉南大橋":[23.313528,120.153294,5],"厚生橋":[23.328537,120.253036,4.75],"台19甲急水溪橋":[23.260893,120.277382,8.25],"五王大橋(原為南鯤鯓)":[23.291588,120.144303,5],"二港橋":[23.26604,120.190427,6.75],"宅港橋":[23.253341,120.204113,6.75],"台1線急水溪橋":[23.296115,120.32414,4.25],"甘宅二號橋(原為木屐寮)":[23.363009,120.454236,1],"青葉橋":[23.338694,120.407188,6.25],"國姓橋(原為國聖橋)":[23.0858,120.13482,1],"曾文溪河口":[23.044488,120.06263,1.5],"曾文溪橋":[23.155227,120.339144,3],"二溪大橋":[23.115662,120.384388,1],"大內橋（取代北勢洲橋）":[23.120304,120.345386,1],"走馬瀨橋":[23.137582,120.430454,1],"玉峰大橋":[23.808405,120.84348,3.25],"曾文一橋(原為曾文一號橋)":[23.192213,120.488196,1],"玉井橋":[23.117881,120.458313,1],"西港大橋":[23.108769,120.204936,1],"麻善大橋":[23.171461,120.260729,1.5],"鹽水溪橋":[23.019773,120.192468,5],"同心橋":[23.047295,120.373566,1],"千鳥橋":[23.0723,120.35825,1],"豐化橋":[23.059084,120.277777,4.25],"新灣橋":[23.020939,120.282202,1],"石安橋":[22.902773,120.302053,5.75],"二層橋":[22.916728,120.460462,1],"崇德橋":[22.875677,120.361847,5.5],"古亭橋":[22.888018,120.396335,5.5],"南雄橋":[22.889534,120.338451,6.75],"阿公店橋":[22.785305,120.297103,9],"前州橋":[22.802938,120.279871,7.25],"舊港橋":[22.800742,120.232127,6],"蓬萊橋(原為阿公店溪)":[22.80325,120.36121,1.5],"高速鐵路橋下游便橋":[22.803889,120.32822,2.25],"六龜大橋":[22.995471,120.63828,2.25],"大津橋":[22.880076,120.648123,1.5],"新發大橋":[23.048559,120.66916,1.5],"萬大大橋":[22.593359,120.439785,5],"高屏大橋":[22.647126,120.437411,5],"新旗尾橋":[22.874008,120.487895,1],"旗南橋":[22.86845,120.496608,1.5],"雙園大橋":[22.498467,120.421321,5],"甲仙取水口(取代四德大橋)":[23.0826203,120.584325,1],"西門大橋":[22.898644,120.535864,1],"里嶺大橋(取代嶺口橋)":[22.772848,120.448617,3.25],"實踐橋":[25.078781,121.693332,1.5],"六合橋":[25.094771,121.703759,1.5],"暖江橋":[25.102836,121.741629,1],"客雅溪橋":[24.796736,120.958814,5.5],"鳳凰橋(原為青草湖)":[24.783198,120.967516,3.5],"香雅橋":[24.803228,120.925357,5],"湳雅取水口(取代溪洲大橋)":[24.825091,120.979296,1],"頭前溪橋":[24.822895,120.99701,1],"中隘橋":[24.729975,120.917134,2],"誠仁橋":[24.740822,120.906295,4.25],"軍輝橋":[23.458554,120.458135,2],"牛稠溪橋":[23.513764,120.443403,4.5],"利澤簡橋":[24.669898,121.814117,2.75],"清水大閘":[24.692006,121.832972,2.75],"冬山河橋":[24.639163,121.78689,2.5],"澳尾橋":[24.449142,121.780021,1],"金洋二號橋(原為金洋)":[24.435947,121.758442,1],"南澳橋":[24.460292,121.788599,1],"大濁水橋":[24.32484,121.743064,3.25],"七結橋(取代得子口橋)":[24.803179,121.765145,4],"美慶山莊":[24.831451,121.747059,1],"時潮橋(原為復興橋)":[24.817714,121.812895,4],"龍德大橋":[24.632364,121.83156,1],"新城橋":[24.729907,120.964381,1],"武荖坑":[24.6035,121.81086,1],"白米橋":[24.59617,121.85372,1],"蘭陽大橋":[24.713582,121.772288,1.5],"葫蘆堵大橋(原為上深溝)":[24.705182,121.682254,3.25],"噶瑪蘭橋(原為興蘭大橋)":[24.719237,121.820231,2.25],"牛鬥橋":[24.640901,121.565232,1],"崙埤橋(原為崙碑)":[24.675997,121.609376,1],"竹圍大橋":[25.108028,121.247779,5],"大檜溪橋":[25.011648,121.309114,6.5],"南崁溪橋":[25.055733,121.280957,5.75],"龜山橋":[24.997022,121.33995,1],"大埔橋":[25.025086,121.369248,4.5],"舊路大橋":[25.018754,121.362348,4.5],"宏太橋":[24.98863,121.283283,4.5],"星見橋":[25.009731,121.282643,4.5],"茄苳溪橋":[25.0262,121.277437,5.75],"大溪橋":[24.884674,121.283827,1],"後池堰":[24.824189,121.251659,1],"笨子港橋":[24.982992,121.027306,3.25],"社子橋":[24.960847,121.094047,2],"老飯店橋":[24.93579,121.123741,3.5],"永寧一號橋":[24.903113,121.151623,1],"月眉橋":[24.918755,121.146277,4.5],"新湖橋":[24.943446,121.045957,3.25],"員笨橋":[24.943944,121.088133,1],"公園橋上游(原為青埔橋)":[25.003354,121.209365,4.5],"許厝港一號橋":[25.077562,121.177823,4],"北勢橋":[24.924829,121.212442,3.5],"環鄉橋(原為宋屋)":[24.943377,121.210095,4.5],"平鎮第一號橋":[24.920993,121.196161,5],"美都麗橋":[24.87427,121.213291,3.25],"東興橋":[24.9091388,121.0103101,3.5],"中山橋(新豐溪)":[24.9066666,120.9955648,2.75],"山崎橋":[24.869096,120.995553,5],"紅樹林橋(原為紅毛港大橋)":[24.909189,120.97876,4],"象鼻橋":[24.887735,120.986467,5.75],"深坑橋":[24.939901,121.002716,1.5],"內灣吊橋":[24.702032,121.183239,1],"瑞昌大橋(原為瑞豐大橋)":[24.66806,121.119079,1],"竹林大橋":[24.747684,121.093596,1],"竹東大橋":[24.722675,121.103294,1],"寶山水庫取水口":[24.6900185,121.1030449,1],"中正大橋":[24.785688,121.057616,1],"新埔大橋":[24.825681,121.065687,3.5],"三聖橋":[24.832557,121.097546,4],"台1線鳳山溪橋":[24.852576,121.004802,2],"台15線鳳山溪橋":[24.8589166,120.9497546,4.5],"渡船大橋":[24.785555,121.175653,1],"平安大橋":[24.675887,120.949213,1],"三灣大橋":[24.661898,120.959113,1],"東興大橋":[24.680552,120.907907,3.25],"尖山大橋(取代中港溪橋)":[24.666946,120.8817,4],"永興橋":[24.617528,121.00581,1],"南港溪橋":[24.655899,120.867851,4.5],"義里大橋":[24.356994,120.736541,1],"卓蘭大橋(原名為蘭勢橋)":[24.308386,120.818393,1.5],"文峰橋":[24.312467,120.830495,1],"協成橋":[24.308152,120.835937,1],"白布帆大橋":[24.293761,120.908024,1],"北勢大橋":[24.594897,120.825563,2.75],"後龍溪橋":[24.608744,120.784298,3.25],"頭屋大橋":[24.574652,120.845794,1],"西湖橋(原名四湖橋)":[24.563268,120.752601,1],"龍壽橋":[24.533339,120.747872,1],"竹盛大橋":[24.44951,120.777848,1],"竹森大橋(原名銅鑼橋)":[24.494193,120.780599,1],"福馬圳":[24.104386,120.57532,2],"利民橋":[24.013468,120.637569,3.25],"名竹大橋":[23.817804,120.705846,3.25],"南雲大橋":[23.759175,120.656971,1],"集鹿大橋":[23.8150787,120.7828611,3.25],"清流橋":[24.063083,120.954291,1],"乾峰橋":[24.027047,120.826912,1],"柑子林橋":[24.017999,120.84402,2.75],"北山橋":[23.983004,120.871529,1.5],"愛蘭橋":[23.966919,120.946511,2.75],"平林橋":[23.952398,120.657454,4],"觀光大橋(取代北港大橋)":[23.562559,120.30149,7.25],"雲嘉大橋":[23.513794,120.177934,3.25],"石榴班橋":[23.718603,120.57327,2.25],"榮橋":[23.731215,120.523435,4.5],"斗山橋":[23.702749,120.567327,2.75],"梅林橋":[23.70922,120.590771,6],"土庫大橋":[23.681451,120.418635,5.5],"豐橋":[23.742046,120.347349,5.5],"海豐橋":[23.740399,120.245724,6.25],"莿桐一號橋":[23.751467,120.508176,5.75],"新虎尾溪橋":[23.750847,120.497018,5.75],"西螺大橋":[23.807955,120.459975,2.25],"五虎寮橋(取代舊橋)":[23.450925,120.553694,1],"八掌溪橋":[23.403818,120.381719,5],"觸口橋":[23.438976,120.605581,1],"和平橋":[23.608475,120.398511,8.25],"月眉潭橋":[23.514091,120.360416,5.5],"朴子溪橋":[23.475606,120.245061,6.25],"東石大橋":[23.459245,120.177429,4.25],"二高便道橋":[23.506909,120.489537,1],"臨海橋":[22.057771,120.712061,2.25],"石門村過四重溪水泥橋(原為石門)":[22.113596,120.76334,1],"懷恩橋(原為二重溪)":[22.082792,120.740832,1],"港西抽水站":[22.504523,120.462007,5.75],"東港大橋":[22.477717,120.459635,6.25],"潮州大橋":[22.563788,120.539661,2.75],"興社大橋":[22.542199,120.504164,8],"隴東橋(原為龍東橋)":[22.602935,120.582952,3.75],"新埤大橋":[22.461197,120.55042,3.5],